{"cameraMode":{"drawMode":0,"name":"Shaded","section":"Shading Mode"},"sceneLighting":false,"audioPlay":false,"sceneViewState":{"showFog":true,"showMaterialUpdate":false,"showSkybox":false,"showFlares":true,"showImageEffects":true,"showParticleSystems":true},"in2DMode":false,"pivot":{"x":-0.019443243741989137,"y":0.5140140056610107,"z":-0.03343534469604492},"rotation":{"x":-0.11382827162742615,"y":-0.06344328075647354,"z":0.00728447875007987,"w":-0.9914480447769165},"size":1.7115960121154786,"orthographic":false}